target,baseline_ipsae_mean,baseline_ipsae_std,top_positions,top_aa_types,increase_first_edits,increase_5edit_ack,increase_5edit_delta,absolute_first_edits,absolute_5edit_ack,absolute_5edit_delta
alpha,0.7334951639175415,0.04095703111673315,99:G99L(-0.733);108:A108F(-0.733);97:A97W(-0.683);107:Y107I(-0.625);100:G100P(-0.538);109:Y109E(-0.516),L:4/29;F:6/29;W:5/28;I:7/28;E:9/28;K:4/28,7,False,0.0775509397188821,1,True,-0.7334951639175415
jn1,0.24939838945865628,0.09060648670008402,57:T57A(+0.288);31:V31W(+0.284);104:E104G(+0.270);28:T28H(-0.249);29:S29E(-0.249);55:G55S(-0.249),A:3/26;W:8/28;P:9/29;G:5/22;D:8/29;E:5/28,3,False,-0.124143440524737,3,False,0.1032866050799687
