label,sample_idx,bt_ipsae,bt_pae_mean,ipae_min,ipsae_min,iptm,tb_ipsae,tb_pae_mean
WT,0,0.0,24.6052188873291,15.234151840209961,0.0,0.2011709213256836,0.0,24.654403686523438
WT,1,0.0,24.58590316772461,15.079446792602539,0.0,0.20121727883815765,0.0,24.722116470336914
