mode,edit_count,mutations,iptm_mean,iptm_std,iptm_min,iptm_max,bt_ipsae_mean,bt_ipsae_std,bt_ipsae_min,bt_ipsae_max,tb_ipsae_mean,tb_ipsae_std,tb_ipsae_min,tb_ipsae_max,ipsae_min_mean,ipsae_min_std,ipsae_min_min,ipsae_min_max,ipae_min_mean,ipae_min_std,ipae_min_min,ipae_min_max,bt_pae_mean_mean,bt_pae_mean_std,bt_pae_mean_min,bt_pae_mean_max,tb_pae_mean_mean,tb_pae_mean_std,tb_pae_mean_min,tb_pae_mean_max,baseline_ipsae_min_mean,baseline_ipae_min_mean,delta_ipsae_min_mean,abs_delta_ipsae_min_mean,z_delta_ipsae_min_mean,delta_ipae_min_mean,acknowledged
absolute,1,G26W,0.20958781242370605,0.0,0.20958781242370605,0.20958781242370605,0.0,0.0,0.0,0.0,0.0,0.0,0.0,0.0,0.0,0.0,0.0,0.0,14.840086936950684,0.0,14.840086936950684,14.840086936950684,24.25764274597168,0.0,24.25764274597168,24.25764274597168,24.233858108520508,0.0,24.233858108520508,24.233858108520508,0.0,15.15679931640625,0.0,0.0,0.0,-0.3167123794555664,False
increase,1,G26W,0.2095659077167511,0.0,0.2095659077167511,0.2095659077167511,0.0,0.0,0.0,0.0,0.0,0.0,0.0,0.0,0.0,0.0,0.0,0.0,14.83974552154541,0.0,14.83974552154541,14.83974552154541,24.258764266967773,0.0,24.258764266967773,24.258764266967773,24.233150482177734,0.0,24.233150482177734,24.233150482177734,0.0,15.15679931640625,0.0,0.0,0.0,-0.31705379486083984,False
