mutation,position,author_residue,wt_aa,mut_aa,iptm_mean,iptm_std,iptm_min,iptm_max,bt_ipsae_mean,bt_ipsae_std,bt_ipsae_min,bt_ipsae_max,tb_ipsae_mean,tb_ipsae_std,tb_ipsae_min,tb_ipsae_max,ipsae_min_mean,ipsae_min_std,ipsae_min_min,ipsae_min_max,ipae_min_mean,ipae_min_std,ipae_min_min,ipae_min_max,bt_pae_mean_mean,bt_pae_mean_std,bt_pae_mean_min,bt_pae_mean_max,tb_pae_mean_mean,tb_pae_mean_std,tb_pae_mean_min,tb_pae_mean_max,baseline_ipsae_min_mean,baseline_ipae_min_mean,delta_ipsae_min_mean,abs_delta_ipsae_min_mean,z_delta_ipsae_min_mean,delta_ipae_min_mean,z_delta_ipae_min_mean,acknowledged
G26W,26,B:26:GLY,G,W,0.20967526733875275,0.0,0.20967526733875275,0.20967526733875275,0.0,0.0,0.0,0.0,0.0,0.0,0.0,0.0,0.0,0.0,0.0,0.0,14.843435287475586,0.0,14.843435287475586,14.843435287475586,24.256481170654297,0.0,24.256481170654297,24.256481170654297,24.23016929626465,0.0,24.23016929626465,24.23016929626465,0.0,15.15679931640625,0.0,0.0,0.0,-0.31336402893066406,-2.864571431426001,False
G26Y,26,B:26:GLY,G,Y,0.20466673374176025,0.0,0.20466673374176025,0.20466673374176025,0.0,0.0,0.0,0.0,0.0,0.0,0.0,0.0,0.0,0.0,0.0,0.0,15.065707206726074,0.0,15.065707206726074,15.065707206726074,24.30704689025879,0.0,24.30704689025879,24.30704689025879,24.34857749938965,0.0,24.34857749938965,24.34857749938965,0.0,15.15679931640625,0.0,0.0,0.0,-0.09109210968017578,-0.8327051956428981,False
