target_seq_index,target_auth_label,target_aa,target_resname,min_heavy_distance,atom_pairs_le_cutoff,cdr_contacts,cutoff
36,369,Y,TYR,2.6350581645965576,6,CDR2:4;CDR3:2,4.5
175,508,Y,TYR,2.655231475830078,13,CDR3:13,4.5
45,378,K,LYS,2.728604555130005,17,CDR3:17,4.5
44,377,F,PHE,2.78246808052063,38,CDR3:38,4.5
46,379,C,CYS,2.8434624671936035,10,CDR3:10,4.5
42,375,S,SER,2.9229514598846436,33,CDR2:14;CDR3:19,4.5
74,407,V,VAL,3.10144305229187,9,CDR3:9,4.5
41,374,F,PHE,3.1474926471710205,10,CDR2:9;CDR3:1,4.5
37,370,N,ASN,3.236266613006592,13,CDR2:13,4.5
39,372,A,ALA,3.241985321044922,10,CDR2:10,4.5
75,408,R,ARG,3.3215889930725098,26,CDR3:26,4.5
71,404,G,GLY,3.338757038116455,11,CDR3:11,4.5
43,376,T,THR,3.3515398502349854,6,CDR3:6,4.5
50,383,S,SER,3.7004098892211914,3,CDR2:3,4.5
52,385,T,THR,3.821199893951416,5,CDR2:5,4.5
51,384,P,PRO,3.8777923583984375,3,CDR2:1;CDR3:2,4.5
72,405,D,ASP,3.897214412689209,5,CDR3:5,4.5
170,503,V,VAL,3.922858238220215,6,CDR3:6,4.5
171,504,G,GLY,4.225650310516357,2,CDR3:2,4.5
38,371,S,SER,4.399045467376709,2,CDR2:2,4.5
40,373,S,SER,4.39953088760376,2,CDR2:2,4.5
