outer,search_mode,selected_search,diffusion_edits,polished_edits,polished_loss,elapsed_s
0,both,greedy,23,7,0.2503953278064728,724.571804523468
1,both,greedy,24,7,0.23957067728042603,647.3462998867035
2,both,greedy,24,7,0.25483429431915283,747.3397214412689
