outer,search_mode,selected_search,diffusion_edits,polished_edits,polished_loss,elapsed_s
0,both,greedy,25,7,0.2458989918231964,842.3700885772705
1,both,greedy,25,7,0.2406766265630722,776.3491187095642
2,both,greedy,24,7,0.2406012862920761,769.4108035564423
