outer,search_mode,selected_search,diffusion_edits,polished_edits,polished_loss,elapsed_s
0,both,greedy,21,7,0.2440318465232849,761.3779966831207
1,both,greedy,25,7,0.2645537257194519,786.8720529079437
2,both,greedy,25,7,0.2481822520494461,790.2425706386566
