label,sample_idx,bt_ipsae,bt_pae_mean,ipae_min,ipsae_min,iptm,tb_ipsae,tb_pae_mean
WT,0,0.19911228120326996,14.420893669128418,6.896171569824219,0.19911228120326996,0.5211158990859985,0.43843910098075867,16.12640380859375
WT,1,0.3839414715766907,12.106948852539062,5.609578609466553,0.3839414715766907,0.6092730760574341,0.4997006356716156,13.790316581726074
WT,2,0.17968657612800598,15.14340591430664,7.912356853485107,0.17968657612800598,0.4660862982273102,0.41337233781814575,17.12066078186035
WT,3,0.18195068836212158,14.65651798248291,7.396291732788086,0.18195068836212158,0.498119592666626,0.4252814054489136,16.812057495117188
WT,4,0.30230093002319336,13.058122634887695,6.209575653076172,0.30230093002319336,0.5635209083557129,0.47011327743530273,14.685955047607422
