group,label,count,n,fraction
all,good,104,1277,0.08144087705559906
top 25,good,3,25,0.12
top 50,good,6,50,0.12
top 100,good,9,100,0.09
top 200,good,13,200,0.065
all,neutral,743,1277,0.581832419733751
top 25,neutral,17,25,0.68
top 50,neutral,26,50,0.52
top 100,neutral,47,100,0.47
top 200,neutral,96,200,0.48
all,bad,430,1277,0.33672670321064996
top 25,bad,5,25,0.2
top 50,bad,18,50,0.36
top 100,bad,44,100,0.44
top 200,bad,91,200,0.455
