mutation,delta_processed,mosaic_sequence_delta_loss,set
F47W,1.23701548280457,-0.842773562297225,bad_low_model_loss
W53R,0.6147935306996866,-0.5678659677505493,bad_low_model_loss
W53V,0.4238178419209903,-0.4838159561157227,bad_low_model_loss
D111Y,0.9511666411368164,-0.4701665222644806,bad_low_model_loss
W53E,0.9656501823973236,-0.4593194484710693,bad_low_model_loss
K87T,0.5273374120023475,-0.383898913860321,bad_low_model_loss
A92Y,-0.3312661097794516,2.0663847364485264,good_high_model_loss
D62W,-0.3557503197688969,2.04461367726326,good_high_model_loss
T91H,-0.4537253697816465,1.9278841346502305,good_high_model_loss
A92E,-0.32316709226233,1.8955540098249912,good_high_model_loss
D73F,-0.4323107609037881,1.8663969583809377,good_high_model_loss
R67M,-0.3859213684043068,1.8599125415086744,good_high_model_loss
