{
  "n": 1277,
  "n_good": 104,
  "n_bad": 430,
  "spearman": -0.02378513912031477,
  "auc": 0.47804114490161004,
  "median_good": 0.8067995578050614,
  "median_bad": 0.6519869893789292,
  "top100_good": 9,
  "top100_bad": 44
}
