label,variant_count,off_rate_x1e4_s,benefit_log10,mosaic_sequence_delta_loss,vanilla_esm_additive_loss
WT,0,91.0,0.0,0.0,-0.0
S56M,1,31.0,0.46767969848682095,0.0082587122917175,8.148252934217453
L97W,1,18.0,0.7037688872177875,-0.0024177312850952,3.010223865509033
T99V,1,7.2,1.1017088958898251,7.164478302001953e-05,3.781993508338928
S56M+L97W,2,4.4,1.3155887158349062,0.0062519431114196,11.158476799726486
S56M+T99V,2,4.1,1.3462575356013582,0.0086542606353759,11.93024644255638
L97W+T99V,2,3.5,1.414973347970818,-0.0017835259437561,6.792217373847961
S56M+L97W+T99V,3,2.8,1.5118833609788744,0.0066829204559326,14.940470308065414
