source,label,known_combo,known_mutation_count,known_site_unknown_states,multi_evolve_pairwise_benefit_log10,multi_evolve_pairwise_loss,multi_evolve_pairwise_pred_off_rate_x1e4_s,multi_evolve_pairwise_pred_improvement_fold,saturated_fit_benefit_log10,has_S56M,has_L97W,has_T99V,observed_off_rate_x1e4_s,observed_benefit_log10,pairwise_residual_benefit_log10
publication_grid,WT,WT,0,,5.004961111801527e-16,-5.004961111801527e-16,90.9999999999999,1.000000000000001,-0.03647234460422202,False,False,False,91.0,0.0,5.004961111801527e-16
publication_grid,S56M,S56M,1,,0.4676796984868206,-0.4676796984868206,31.00000000000002,2.9354838709677398,0.504152043091041,True,False,False,31.0,0.4676796984868209,-2.7755575615628914e-16
publication_grid,L97W,L97W,1,,0.7037688872177883,-0.7037688872177883,17.999999999999968,5.055555555555564,0.7402412318220083,False,True,False,18.0,0.7037688872177875,7.771561172376096e-16
publication_grid,T99V,T99V,1,,1.1017088958898253,-1.1017088958898253,7.199999999999997,12.638888888888895,1.1381812404940463,False,False,True,7.2,1.1017088958898251,2.220446049250313e-16
publication_grid,S56M+L97W,S56M+L97W,2,,1.3155887158349062,-1.3155887158349062,4.3999999999999995,20.681818181818183,1.2791163712306834,True,True,False,4.4,1.315588715834906,2.220446049250313e-16
publication_grid,S56M+T99V,S56M+T99V,2,,1.3462575356013589,-1.3462575356013589,4.0999999999999925,22.19512195121955,1.3097851909971356,True,False,True,4.1,1.3462575356013582,6.661338147750939e-16
publication_grid,L97W+T99V,L97W+T99V,2,,1.4149733479708182,-1.4149733479708182,3.4999999999999982,26.000000000000014,1.3785010033665954,False,True,True,3.5,1.414973347970818,2.220446049250313e-16
publication_grid,S56M+L97W+T99V,S56M+L97W+T99V,3,,1.8036621178126495,-1.8036621178126495,1.4301423735563492,63.630028508077416,1.5483557055830968,True,True,True,2.8,1.5118833609788744,0.2917787568337751
