label,mutations,num_mutations,vanilla_esm_additive_score,vanilla_esm_additive_loss,aa_mutation_z_sum,aa_substitution_type_z_sum,per_mutation_scores,per_mutation_site_ranks,rank_by_vanilla_esm_loss
WT,WT,0,0.0,-0.0,0.0,0.0,,,1
vanilla_best_L101G,L101G,1,-1.3268766403198242,1.3268766403198242,1.8342949972168026,2.431450023416822,L101G:-1.3269,L101G:rank1,2
vanilla_best_S57N,S57N,1,-2.8935279548168182,2.8935279548168182,1.502738212940496,2.061033182359041,S57N:-2.8935,S57N:rank1,3
vanilla_best_T103G,T103G,1,-2.91351854801178,2.91351854801178,1.3149881061482052,1.265896683228588,T103G:-2.9135,T103G:rank1,4
paper_L101W,L101W,1,-3.010223865509033,3.010223865509033,1.8627004009103132,2.231277116874884,L101W:-3.0102,L101W:rank9,5
paper_T103V,T103V,1,-3.7819935083389282,3.7819935083389282,1.136250971717873,1.2812358646899897,T103V:-3.7820,T103V:rank4,6
vanilla_best_S57N+L101G,S57N/L101G,2,-4.2204045951366425,4.2204045951366425,3.3370332101572986,4.492483205775863,S57N:-2.8935;L101G:-1.3269,S57N:rank1;L101G:rank1,7
vanilla_best_L101G+T103G,L101G/T103G,2,-4.240395188331604,4.240395188331604,3.1492831033650077,3.69734670664541,L101G:-1.3269;T103G:-2.9135,L101G:rank1;T103G:rank1,8
vanilla_best_S57N+T103G,S57N/T103G,2,-5.807046502828598,5.807046502828598,2.817726319088701,3.326929865587629,S57N:-2.8935;T103G:-2.9135,S57N:rank1;T103G:rank1,9
paper_L101W+T103V,L101W/T103V,2,-6.792217373847961,6.792217373847961,2.998951372628186,3.512512981564874,L101W:-3.0102;T103V:-3.7820,L101W:rank9;T103V:rank4,10
vanilla_best_S57N+L101G+T103G,S57N/L101G/T103G,3,-7.133923143148422,7.133923143148422,4.652021316305504,5.758379889004451,S57N:-2.8935;L101G:-1.3269;T103G:-2.9135,S57N:rank1;L101G:rank1;T103G:rank1,11
paper_S57M,S57M,1,-8.148252934217453,8.148252934217453,-0.02847697770944608,0.6115842203827669,S57M:-8.1483,S57M:rank18,12
paper_S57M+L101W,S57M/L101W,2,-11.158476799726486,11.158476799726486,1.8342234232008672,2.8428613372576508,S57M:-8.1483;L101W:-3.0102,S57M:rank18;L101W:rank9,13
paper_S57M+T103V,S57M/T103V,2,-11.930246442556381,11.930246442556381,1.107773994008427,1.8928200850727568,S57M:-8.1483;T103V:-3.7820,S57M:rank18;T103V:rank4,14
paper_S57M+L101W+T103V,S57M/L101W/T103V,3,-14.940470308065414,14.940470308065414,2.97047439491874,4.124097201947641,S57M:-8.1483;L101W:-3.0102;T103V:-3.7820,S57M:rank18;L101W:rank9;T103V:rank4,15
