paper_variant,cdr,anarci_label,pdb_auth_label,seq_index,wt,aa,esm2_prob,esm2_rank,ablang2_prob,ablang2_rank,combined_geomean_prob,combined_geomean_rank,observed_count_all,observed_freq_all,observed_n_all,observed_count_unique,observed_freq_unique,observed_n_unique,esm2_expected_count_all,esm2_observed_over_expected_all,ablang2_expected_count_all,ablang2_observed_over_expected_all,combined_geomean_expected_count_all,combined_geomean_observed_over_expected_all
S56M,CDR2,H56,56,57,S,M,0.001608974928202621,19,0.001131832331678876,17,0.00147277126150608,18,0,0.0,264,0,0.0,175,0.42476938104549194,0.0,0.29880373556322326,0.0,0.3888116130376051,0.0
L97W,CDR3,H97,97,101,L,W,0.04410092722311277,8,0.07624623724095746,5,0.06194577753818823,4,12,0.045454545454545456,264,9,0.05142857142857143,175,11.642644786901771,1.0306936456139468,20.129006631612768,0.5961546051236281,16.353685270081694,0.7337795611092897
T99V,CDR3,H99,99,103,T,V,0.07623378597184718,4,0.17676447229141423,1,0.12579872525244218,2,11,0.041666666666666664,264,9,0.05142857142857143,175,20.12571949656766,0.5465643105020914,46.66582068493336,0.23571855886275,33.21086346664474,0.33121692277130427
