assay,target,n_rows,n_scored_for_stats,good_count,neutral_count,bad_count,wt_median_alphaseq_affinity,good_threshold_log10_kd,esm2_binder_spearman_vs_delta_affinity,esm2_binder_pearson_vs_delta_affinity,esm2_binder_auc_low_loss_good,esm2_binder_auc_high_loss_good,esm2_binder_top_5pct_low_loss_good_enrichment,esm2_binder_top_5pct_low_loss_good_fraction,esm2_target_spearman_vs_delta_affinity,esm2_target_pearson_vs_delta_affinity,esm2_target_auc_low_loss_good,esm2_target_auc_high_loss_good,esm2_target_top_5pct_low_loss_good_enrichment,esm2_target_top_5pct_low_loss_good_fraction
YM_0549,SARS-CoV2_RBD_(6LZG),29988,25594,289,8481,16824,1.4559455218548578,0.3,0.21557314090621948,0.31367982527191424,0.5722236070731053,0.42777639292689473,0.7610672577854672,0.00859375,0.2185117811694479,0.29945008690044056,0.574402484833826,0.42559751516617383,0.6918793252595156,0.0078125
YM_1068,SARS-CoV2_RBD_(6LZG),37070,24212,4135,12687,7390,1.559120464109041,0.3,0.16664093836514818,0.3413060960194041,0.598926226329577,0.40107377367042296,0.7252742644261541,0.12386457473162675,0.13840416000759653,0.3290983356224707,0.5767319149214681,0.42326808507853186,0.5512084409638771,0.09413707679603633
