mutation,property_value,round
WT,0.0,0
S56M,0.4676796984868209,0
L97W,0.7037688872177875,0
T99V,1.1017088958898251,0
S56M/L97W,1.315588715834906,1
S56M/T99V,1.3462575356013582,1
L97W/T99V,1.414973347970818,1
S56M/L97W/T99V,1.5118833609788744,1
