outer,search_mode,selected_search,diffusion_edits,polished_edits,polished_loss,elapsed_s
0,both,greedy,27,7,0.23976010084152222,827.5304341316223
1,both,greedy,25,7,0.25069546699523926,724.7997930049896
2,both,greedy,25,7,0.2386886477470398,560.2153804302216
