outer,search_mode,selected_search,diffusion_edits,polished_edits,polished_loss,elapsed_s
0,both,greedy,22,7,0.24526716768741608,538.5162858963013
1,both,greedy,25,7,0.2429760992527008,753.0124802589417
2,both,greedy,26,7,0.2446204125881195,813.6986405849457
