outer,search_mode,selected_search,diffusion_edits,polished_edits,polished_loss,elapsed_s
0,both,greedy,24,7,0.24425823986530304,807.2048308849335
1,both,greedy,21,7,0.23957067728042603,718.4154279232025
2,both,greedy,22,7,0.2416524440050125,761.1970012187958
