outer,search_mode,selected_search,diffusion_edits,polished_edits,polished_loss,elapsed_s
0,both,greedy,23,7,0.2539374530315399,791.8483617305756
1,both,greedy,23,7,0.2389729619026184,800.3536899089813
2,both,greedy,24,7,0.2493358552455902,769.5670609474182
