outer,search_mode,selected_search,diffusion_edits,polished_edits,polished_loss,elapsed_s
0,both,greedy,24,7,0.2489463984966278,844.3060948848724
1,both,greedy,26,7,0.24377286434173584,759.6398696899414
2,both,greedy,25,7,0.2484050691127777,807.7735722064972
