outer,search_mode,selected_search,diffusion_edits,polished_edits,polished_loss,elapsed_s
0,both,greedy,24,7,0.23891505599021912,803.6813015937805
1,both,greedy,22,7,0.25117287039756775,443.2191710472107
2,both,greedy,23,7,0.24005945026874542,631.8675873279572
