outer,search_mode,selected_search,diffusion_edits,polished_edits,polished_loss,elapsed_s
0,both,greedy,24,7,0.2536218762397766,838.4950542449951
1,both,greedy,23,7,0.24037578701972961,753.3152527809143
2,both,greedy,26,7,0.24863660335540771,811.3831825256348
