outer,search_mode,selected_search,diffusion_edits,polished_edits,polished_loss,elapsed_s
0,both,greedy,22,7,0.24542351067066193,520.90989112854
1,both,greedy,24,7,0.24425870180130005,765.9381747245789
2,both,greedy,21,7,0.24368900060653687,703.4332044124603
