outer,search_mode,selected_search,diffusion_edits,polished_edits,polished_loss,elapsed_s
0,both,greedy,24,7,0.25160348415374756,849.6665806770325
1,both,greedy,23,7,0.24195361137390137,752.0529363155365
2,both,greedy,24,7,0.25120067596435547,580.5077846050262
