outer,search_mode,selected_search,diffusion_edits,polished_edits,polished_loss,elapsed_s
0,both,greedy,23,7,0.24358250200748444,824.1034965515137
1,both,greedy,21,7,0.24616989493370056,724.9698152542114
2,both,greedy,26,7,0.24005945026874542,678.6837005615234
