outer,search_mode,selected_search,diffusion_edits,polished_edits,polished_loss,elapsed_s
0,both,greedy,27,7,0.24429520964622498,863.2930278778076
1,both,greedy,22,7,0.23957067728042603,674.0438804626465
2,both,greedy,25,7,0.24496957659721375,793.4395651817322
