outer,search_mode,selected_search,diffusion_edits,polished_edits,polished_loss,elapsed_s
0,both,greedy,27,7,0.24472439289093018,897.8396039009094
1,both,greedy,27,7,0.2500663101673126,820.8576793670654
2,both,greedy,25,7,0.25248730182647705,802.0065913200378
