outer,search_mode,selected_search,diffusion_edits,polished_edits,polished_loss,elapsed_s
0,both,greedy,21,7,0.24672436714172363,768.680413722992
1,both,greedy,24,7,0.24473920464515686,750.3569793701172
2,both,greedy,23,7,0.24817749857902527,747.4618287086487
