outer,search_mode,selected_search,diffusion_edits,polished_edits,polished_loss,elapsed_s
0,both,greedy,23,7,0.2464318871498108,692.8928666114807
1,both,greedy,21,7,0.24804548919200897,695.6652390956879
2,both,greedy,23,7,0.25058212876319885,781.9022121429443
