label,sample_idx,bt_ipsae,bt_pae_mean,ipae_min,ipsae_min,iptm,tb_ipsae,tb_pae_mean
WT,0,0.7416914701461792,6.289906024932861,1.3135789632797241,0.7416914701461792,0.8812515139579773,0.8149443864822388,5.282439708709717
WT,1,0.7545746564865112,6.275505542755127,1.3675780296325684,0.7545746564865112,0.8839706182479858,0.8230999708175659,5.343821048736572
WT,2,0.6759967803955078,7.457582950592041,2.2199835777282715,0.6759967803955078,0.824349045753479,0.7479478120803833,6.6822404861450195
WT,3,0.7829198241233826,5.446253776550293,1.0131618976593018,0.7829198241233826,0.9054179787635803,0.8509843945503235,4.547558307647705
WT,4,0.7122930884361267,6.64681339263916,1.7978202104568481,0.7122930884361267,0.8656083941459656,0.8027876615524292,5.881911754608154
