outer,search_mode,selected_search,diffusion_edits,polished_edits,polished_loss,elapsed_s
0,both,greedy,22,7,0.24871748685836792,544.4726948738098
1,both,greedy,27,7,0.24881058931350708,830.2445945739746
2,both,greedy,22,7,0.245845228433609,720.4315600395203
