outer,search_mode,selected_search,diffusion_edits,polished_edits,polished_loss,elapsed_s
0,both,greedy,23,7,0.24579313397407532,561.6441230773926
1,both,greedy,27,7,0.24274972081184387,608.7935473918915
2,both,greedy,25,7,0.24757923185825348,777.2018349170685
