outer,search_mode,selected_search,diffusion_edits,polished_edits,polished_loss,elapsed_s
0,both,greedy,22,7,0.24915483593940735,539.4056527614594
1,both,greedy,24,7,0.24960777163505554,751.39688372612
2,both,greedy,25,7,0.2406012862920761,798.5922248363495
