outer,search_mode,selected_search,diffusion_edits,polished_edits,polished_loss,elapsed_s
0,both,greedy,23,7,0.2418176531791687,803.5981423854828
1,both,greedy,22,7,0.23891505599021912,475.2719223499298
2,both,greedy,22,7,0.23891505599021912,684.4803829193115
