mut_aa,n_positions_tested,n_acknowledged,acknowledged_fraction,mean_delta_ipsae_min,mean_abs_delta_ipsae_min,max_abs_delta_ipsae_min,most_sensitive_mutation,most_sensitive_position,most_sensitive_author_residue,most_sensitive_delta_ipsae,best_increase_mutation,best_increase_position,best_delta_ipsae,worst_decrease_mutation,worst_decrease_position,worst_delta_ipsae
W,28,8,0.2857142857142857,-0.009891615488699509,0.13461464207087245,0.3147031654914221,S30W,30,B:30:SER,0.3147031654914221,S30W,30,0.3147031654914221,S29W,29,-0.24949671924114228
M,29,6,0.20689655172413793,-0.020556266074893116,0.10204836849508615,0.2720601350069046,T52M,52,B:52:THR,0.2720601350069046,T52M,52,0.2720601350069046,R27M,27,-0.24949671924114228
F,29,7,0.2413793103448276,-0.021840695642876905,0.14488845553206303,0.26445813874403634,I51F,51,B:51:ILE,0.26445813874403634,I51F,51,0.26445813874403634,G100F,100,-0.24949671924114228
Y,26,5,0.19230769230769232,-0.013208524577128584,0.11366487653591695,0.2568640798330307,A98Y,98,B:98:ALA,0.2568640798330307,A98Y,98,0.2568640798330307,T52Y,52,-0.24949671924114228
R,27,10,0.37037037037037035,-0.10043562440960496,0.14469348431369403,0.24949671924114228,T58R,58,B:58:THR,-0.24949671924114228,S29R,29,0.21627972424030303,T58R,58,-0.24949671924114228
S,27,4,0.14814814814814814,-0.08260328707135754,0.10783317997867678,0.24949671924114228,G26S,26,B:26:GLY,-0.24949671924114228,G99S,99,0.1340945651133855,G26S,26,-0.24949671924114228
T,25,4,0.16,-0.0848610430955887,0.1026152688264847,0.24949671924114228,Y32T,32,B:32:TYR,-0.24949671924114228,S29T,29,0.12015663484732311,Y32T,32,-0.24949671924114228
V,28,6,0.21428571428571427,-0.0727441453862758,0.11558503441157796,0.24949671924114228,N33V,33,B:33:ASN,-0.24949671924114228,N54V,54,0.14102550745010375,N33V,33,-0.24949671924114228
