label,sample_idx,bt_ipsae,bt_pae_mean,ipae_min,ipsae_min,iptm,tb_ipsae,tb_pae_mean
WT,0,0.1772700846195221,14.631877899169922,7.096628665924072,0.1772700846195221,0.5129309892654419,0.42810630798339844,16.336139678955078
WT,1,0.3876596987247467,12.015356063842773,5.58369779586792,0.3876596987247467,0.6134240627288818,0.5044326186180115,13.70398235321045
WT,2,0.17998458445072174,15.046792030334473,7.862705230712891,0.17998458445072174,0.4696466028690338,0.41665616631507874,17.012001037597656
WT,3,0.18681484460830688,14.363829612731934,7.199897766113281,0.18681484460830688,0.5100197792053223,0.4295811057090759,16.508819580078125
WT,4,0.31575438380241394,12.95211410522461,6.1609296798706055,0.31575438380241394,0.5678520798683167,0.4653734564781189,14.593343734741211
