outer,diffusion_edits,polished_edits,polished_loss,elapsed_s
0,26,7,0.2429683804512024,375.298796415329
1,23,7,0.2537813186645508,298.6557834148407
2,25,7,0.24702757596969604,427.22660517692566
