outer,search_mode,selected_search,diffusion_edits,polished_edits,polished_loss,elapsed_s
0,both,greedy,23,7,0.24644161760807037,814.4712340831757
1,both,greedy,24,7,0.25950556993484497,773.9596664905548
2,both,greedy,25,7,0.24274972081184387,792.3568775653839
