outer,search_mode,selected_search,diffusion_edits,polished_edits,polished_loss,elapsed_s
0,both,greedy,25,7,0.24116848409175873,840.465873003006
1,both,greedy,23,7,0.24274972081184387,626.1026248931885
2,both,greedy,26,7,0.24792027473449707,809.5806469917297
