mut_aa,n_positions_tested,n_acknowledged,acknowledged_fraction,mean_delta_ipsae_min,mean_abs_delta_ipsae_min,max_abs_delta_ipsae_min,most_sensitive_mutation,most_sensitive_position,most_sensitive_author_residue,most_sensitive_delta_ipsae,best_increase_mutation,best_increase_position,best_delta_ipsae,worst_decrease_mutation,worst_decrease_position,worst_delta_ipsae
F,29,6,0.20689655172413793,-0.06663886164796769,0.0896710719870425,0.7338774085044861,A97F,97,B:97:ALA,-0.7338774085044861,S30F,30,0.062328688303629476,A97F,97,-0.7338774085044861
M,29,4,0.13793103448275862,-0.06024650533994042,0.08847329417864484,0.6672943661610286,G99M,99,B:99:GLY,-0.6672943661610286,V31M,31,0.06554362376530964,G99M,99,-0.6672943661610286
W,28,7,0.25,-0.07261576322572576,0.08860192366299177,0.6008106450239817,A97W,97,B:97:ALA,-0.6008106450239817,T52W,52,0.07721262375513704,A97W,97,-0.6008106450239817
S,27,4,0.14814814814814814,-0.03754223408522433,0.05666935929545652,0.49542590777079265,A108S,108,B:108:ALA,-0.49542590777079265,N106S,106,0.04691526492436726,A108S,108,-0.49542590777079265
R,27,5,0.18518518518518517,-0.03929568076575248,0.06644443968931836,0.4689485162496567,A97R,97,B:97:ALA,-0.4689485162496567,S30R,30,0.07162999312082918,A97R,97,-0.4689485162496567
V,28,7,0.25,-0.05309210980222344,0.07203535685936611,0.43453503449757896,G100V,100,B:100:GLY,-0.43453503449757896,S30V,30,0.07270361185073848,G100V,100,-0.43453503449757896
Y,26,6,0.23076923076923078,-0.04857298036416376,0.06976737937866115,0.43426964481671654,A97Y,97,B:97:ALA,-0.43426964481671654,T58Y,58,0.06362059911092122,A97Y,97,-0.43426964481671654
T,25,4,0.16,-0.029992344776789387,0.05188694659868877,0.23270183602968852,A108T,108,B:108:ALA,-0.23270183602968852,S30T,30,0.07505926688512166,A108T,108,-0.23270183602968852
