label,sample_idx,bt_ipsae,bt_pae_mean,ipae_min,ipsae_min,iptm,tb_ipsae,tb_pae_mean
WT,0,0.7404506802558899,6.3314714431762695,1.3584883213043213,0.7404506802558899,0.8796600699424744,0.8130315542221069,5.315358638763428
WT,1,0.7572314143180847,6.247081756591797,1.369996428489685,0.7572314143180847,0.8850183486938477,0.8249677419662476,5.316707611083984
WT,2,0.6763619184494019,7.475456237792969,2.257007122039795,0.6763619184494019,0.823861300945282,0.7471944093704224,6.6987996101379395
WT,3,0.7816563844680786,5.482903480529785,1.0486140251159668,0.7816563844680786,0.9040954113006592,0.84907066822052,4.584146022796631
WT,4,0.7136866450309753,6.646676540374756,1.837424397468567,0.7136866450309753,0.8653469681739807,0.8032604455947876,5.89303731918335
